,Train_Acc,Train_Loss,Test_Acc,Test_Loss,AUC,TN,FP,FN,TP,Accuracy,Precision,Recall,Specificity,FPR
0,100.0,0.10324593626077556,59.09090909090909,0.2787111207638701,0.5909090909090908,6.0,5.0,4.0,7.0,0.5909090909090909,0.5833333333333334,0.6363636363636364,0.5454545454545454,0.4545454545454545
1,100.0,0.001935149911009977,59.09090909090909,0.3361077539382442,0.5909090909090908,6.0,5.0,4.0,7.0,0.5909090909090909,0.5833333333333334,0.6363636363636364,0.5454545454545454,0.4545454545454545
2,100.0,0.0010028767808821172,59.09090909090909,0.34509284746262336,0.5909090909090908,6.0,5.0,4.0,7.0,0.5909090909090909,0.5833333333333334,0.6363636363636364,0.5454545454545454,0.4545454545454545
3,100.0,0.0006468972348938546,59.09090909090909,0.3503806216101493,0.5909090909090908,6.0,5.0,4.0,7.0,0.5909090909090909,0.5833333333333334,0.6363636363636364,0.5454545454545454,0.4545454545454545
4,100.0,0.0004640074612032021,59.09090909090909,0.35406399157739454,0.5909090909090908,6.0,5.0,4.0,7.0,0.5909090909090909,0.5833333333333334,0.6363636363636364,0.5454545454545454,0.45454545454545453
