,Train_Acc,Train_Loss,Test_Acc,Test_Loss,AUC,TN,FP,FN,TP,Accuracy,Precision,Recall,Specificity,FPR
0,56.86274766921997,0.24471458001062274,59.09090909090909,0.24170080944895744,0.5,0.0,9.0,0.0,13.0,0.5909090909090909,0.5909090909090909,1.0,0.0,1.0
1,92.15686321258544,0.09726011445909216,81.81818181818183,0.16734465656050465,0.7777777777777778,5.0,4.0,0.0,13.0,0.8181818181818182,0.7647058823529411,1.0,0.5555555555555556,0.4444444444444444
2,98.03921580314636,0.032387940716501834,72.72727272727273,0.16841488593333476,0.7008547008547009,5.0,4.0,2.0,11.0,0.7272727272727273,0.7333333333333333,0.8461538461538461,0.5555555555555556,0.4444444444444444
3,98.03921580314636,0.02048539322230124,72.72727272727273,0.19297883299089247,0.7008547008547009,5.0,4.0,2.0,11.0,0.7272727272727273,0.7333333333333333,0.8461538461538461,0.5555555555555556,0.4444444444444444
4,98.03921580314636,0.02001828183570216,72.72727272727273,0.20188957693115359,0.7008547008547009,5.0,4.0,2.0,11.0,0.7272727272727273,0.7333333333333333,0.8461538461538461,0.5555555555555556,0.4444444444444444
