,Train_Acc,Train_Loss,Test_Acc,Test_Loss,AUC,TN,FP,FN,TP,Accuracy,Precision,Recall,Specificity,FPR
0,52.9411792755127,0.2486977235924813,68.18181818181817,0.23969855760374376,0.5,0.0,7.0,0.0,15.0,0.6818181818181818,0.6818181818181818,1.0,0.0,1.0
1,88.23529481887817,0.14180991515843538,77.27272727272727,0.1710727902768302,0.7571428571428572,5.0,2.0,3.0,12.0,0.7727272727272727,0.8571428571428571,0.8,0.7142857142857143,0.2857142857142857
2,88.23529481887817,0.0936013389378786,72.72727272727273,0.15692795999348166,0.7238095238095238,5.0,2.0,4.0,11.0,0.7272727272727273,0.8461538461538461,0.7333333333333333,0.7142857142857143,0.2857142857142857
3,88.23529481887817,0.08885105093941092,72.72727272727273,0.16171872382983565,0.7238095238095238,5.0,2.0,4.0,11.0,0.7272727272727273,0.8461538461538461,0.7333333333333333,0.7142857142857143,0.2857142857142857
