,Train_Acc,Train_Loss,Test_Acc,Test_Loss,AUC,TN,FP,FN,TP,Accuracy,Precision,Recall,Specificity,FPR
0,50.980395078659065,0.2542830340956387,31.818181818181817,0.2515738288822927,0.5,0.0,15.0,0.0,7.0,0.3181818181818182,0.3181818181818182,1.0,0.0,1.0
1,92.15686321258544,0.1708376059042556,72.72727272727273,0.21046153003615992,0.6476190476190476,13.0,2.0,4.0,3.0,0.7272727272727273,0.6,0.42857142857142855,0.8666666666666667,0.13333333333333333
2,100.0,0.018509781042205718,72.72727272727273,0.16769207573272812,0.6476190476190476,13.0,2.0,4.0,3.0,0.7272727272727273,0.6,0.42857142857142855,0.8666666666666667,0.13333333333333333
3,100.0,0.0013268724264156435,77.27272727272727,0.169910162206619,0.7190476190476189,13.0,2.0,3.0,4.0,0.7727272727272727,0.6666666666666666,0.5714285714285714,0.8666666666666667,0.13333333333333333
4,100.0,0.0007959609915081772,77.27272727272727,0.16882546246051788,0.719047619047619,13.0,2.0,3.0,4.0,0.7727272727272727,0.6666666666666666,0.5714285714285714,0.8666666666666667,0.13333333333333333
