,Train_Acc,Train_Loss,Test_Acc,Test_Loss,AUC,TN,FP,FN,TP,Accuracy,Precision,Recall,Specificity,FPR
0,90.1960790157318,0.17421837399403253,72.72727272727273,0.17512953815737156,0.7619047619047619,6.0,1.0,5.0,10.0,0.7272727272727273,0.9090909090909092,0.6666666666666666,0.8571428571428571,0.14285714285714285
1,98.03921580314636,0.0764952328801155,63.63636363636363,0.1791117998957634,0.6952380952380952,6.0,1.0,7.0,8.0,0.6363636363636364,0.8888888888888888,0.5333333333333333,0.8571428571428571,0.14285714285714285
2,98.03921580314636,0.04671194374320969,72.72727272727273,0.20327150725549267,0.7619047619047619,6.0,1.0,5.0,10.0,0.7272727272727273,0.9090909090909092,0.6666666666666666,0.8571428571428571,0.14285714285714285
3,98.03921580314636,0.02916769328857622,77.27272727272727,0.20674052882579066,0.7952380952380953,6.0,1.0,4.0,11.0,0.7727272727272727,0.9166666666666666,0.7333333333333333,0.8571428571428571,0.14285714285714285
