,Train_Acc,Train_Loss,Test_Acc,Test_Loss,AUC,TN,FP,FN,TP,Accuracy,Precision,Recall,Specificity,FPR
0,66.66666865348816,0.2223935309917696,36.36363636363637,0.3206856644922687,0.5,0.0,14.0,0.0,8.0,0.3636363636363637,0.3636363636363637,1.0,0.0,1.0
1,66.66666865348816,0.21833575204495465,36.36363636363637,0.31830283038077817,0.5,0.0,14.0,0.0,8.0,0.3636363636363637,0.3636363636363637,1.0,0.0,1.0
2,90.1960790157318,0.13618825543291715,68.18181818181817,0.25562916787303225,0.7232142857142857,8.0,6.0,1.0,7.0,0.6818181818181818,0.5384615384615384,0.875,0.5714285714285714,0.42857142857142855
3,92.15686321258544,0.08700277303394519,72.72727272727273,0.24171389325668935,0.7589285714285714,9.0,5.0,1.0,7.0,0.7272727272727273,0.5833333333333334,0.875,0.6428571428571429,0.35714285714285715
4,94.11764740943909,0.06885554682877329,68.18181818181817,0.24864151941405402,0.7232142857142857,8.0,6.0,1.0,7.0,0.6818181818181818,0.5384615384615384,0.875,0.5714285714285714,0.42857142857142855
