,Train_Acc,Train_Loss,Test_Acc,Test_Loss,AUC,TN,FP,FN,TP,Accuracy,Precision,Recall,Specificity,FPR
0,58.82353186607361,0.2505742295792228,45.45454545454545,0.26460500845783635,0.5,10.0,0.0,12.0,0.0,0.4545454545454545,,0.0,1.0,0.0
1,70.58823704719543,0.2180079753710845,54.54545454545454,0.25968296686622583,0.575,9.0,1.0,9.0,3.0,0.5454545454545454,0.75,0.25,0.9,0.1
2,70.58823704719543,0.1895844109596745,50.0,0.2653491554721709,0.5333333333333333,9.0,1.0,10.0,2.0,0.5,0.6666666666666666,0.16666666666666666,0.9,0.1
3,68.6274528503418,0.19481253143279784,45.45454545454545,0.2739764874981296,0.4916666666666666,9.0,1.0,11.0,1.0,0.4545454545454545,0.5,0.08333333333333333,0.9,0.1
4,68.6274528503418,0.19821428291259274,45.45454545454545,0.27250861929308984,0.49166666666666664,9.0,1.0,11.0,1.0,0.45454545454545453,0.5,0.08333333333333333,0.9,0.1
